system,year,doctype,n_tokens,op_total,rel_total,op_rate_per_10k,rel_rate_per_10k,ratio_op_to_rel
duke,2011,press_release,704,0,3,0.0,42.61363636363637,0.0
duke,2011,press_release,984,0,3,0.0,30.48780487804878,0.0
duke,2011,press_release,724,1,7,13.812154696132596,96.68508287292818,0.14285714285714285
duke,2011,press_release,578,1,2,17.301038062283737,34.602076124567475,0.5
duke,2011,press_release,856,0,3,0.0,35.046728971962615,0.0
duke,2011,press_release,832,1,7,12.01923076923077,84.13461538461539,0.14285714285714288
duke,2011,press_release,647,0,2,0.0,30.91190108191654,0.0
duke,2011,press_release,449,0,6,0.0,133.630289532294,0.0
duke,2011,press_release,1001,0,2,0.0,19.98001998001998,0.0
duke,2011,press_release,745,0,11,0.0,147.6510067114094,0.0
duke,2011,press_release,829,0,3,0.0,36.18817852834741,0.0
duke,2011,press_release,944,1,2,10.59322033898305,21.1864406779661,0.5
duke,2011,press_release,644,1,3,15.527950310559007,46.58385093167702,0.3333333333333333
duke,2011,press_release,657,0,2,0.0,30.441400304414003,0.0
duke,2011,press_release,978,0,4,0.0,40.899795501022496,0.0
duke,2011,press_release,963,0,3,0.0,31.152647975077883,0.0
duke,2011,press_release,741,0,4,0.0,53.98110661268556,0.0
duke,2011,press_release,1013,0,2,0.0,19.743336623889437,0.0
duke,2011,press_release,804,0,3,0.0,37.3134328358209,0.0
duke,2011,press_release,834,1,3,11.990407673860911,35.97122302158273,0.33333333333333337
duke,2011,press_release,748,0,3,0.0,40.106951871657756,0.0
duke,2018,press_release,943,0,18,0.0,190.88016967126194,0.0
duke,2021,press_release,180,0,5,0.0,277.77777777777777,0.0
duke,2019,press_release,193,0,11,0.0,569.9481865284974,0.0
duke,2010,press_release,558,0,4,0.0,71.68458781362007,0.0
duke,2010,press_release,642,0,2,0.0,31.152647975077883,0.0
duke,2010,press_release,697,0,3,0.0,43.0416068866571,0.0
duke,2010,press_release,741,1,4,13.49527665317139,53.98110661268556,0.25
duke,2010,press_release,1209,0,3,0.0,24.81389578163772,0.0
duke,2010,press_release,542,0,9,0.0,166.05166051660515,0.0
duke,2010,press_release,841,0,4,0.0,47.56242568370987,0.0
duke,2010,press_release,833,0,5,0.0,60.024009603841534,0.0
duke,2010,press_release,624,0,2,0.0,32.05128205128205,0.0
duke,2010,press_release,940,0,6,0.0,63.829787234042556,0.0
duke,2010,press_release,940,0,3,0.0,31.914893617021278,0.0
duke,2010,press_release,811,0,2,0.0,24.66091245376079,0.0
duke,2010,press_release,909,1,2,11.001100110011,22.002200220022,0.5
duke,2010,press_release,693,0,5,0.0,72.15007215007215,0.0
duke,2010,press_release,955,0,6,0.0,62.82722513089005,0.0
duke,2010,press_release,1444,0,4,0.0,27.700831024930746,0.0
duke,2010,press_release,880,1,2,11.363636363636363,22.727272727272727,0.5
duke,2010,press_release,1059,0,3,0.0,28.328611898016998,0.0
duke,2010,press_release,804,0,2,0.0,24.875621890547265,0.0
duke,2010,press_release,530,0,2,0.0,37.735849056603776,0.0
duke,2010,press_release,871,0,2,0.0,22.962112514351322,0.0
duke,2010,press_release,844,2,5,23.696682464454977,59.241706161137444,0.39999999999999997
duke,2010,press_release,1123,0,2,0.0,17.809439002671414,0.0
duke,2010,press_release,704,0,3,0.0,42.61363636363637,0.0
duke,2010,press_release,587,0,4,0.0,68.14310051107326,0.0
duke,2010,press_release,795,0,2,0.0,25.157232704402517,0.0
duke,2010,press_release,952,5,2,52.52100840336134,21.008403361344538,2.5
duke,2010,press_release,1446,9,20,62.24066390041494,138.31258644536652,0.45
duke,2010,press_release,929,0,10,0.0,107.64262648008611,0.0
duke,2010,press_release,771,0,2,0.0,25.940337224383917,0.0
duke,2017,press_release,398,0,0,0.0,0.0,
duke,2012,press_release,743,1,4,13.458950201884253,53.83580080753701,0.25
duke,2012,press_release,813,0,8,0.0,98.4009840098401,0.0
duke,2012,press_release,578,1,2,17.301038062283737,34.602076124567475,0.5
duke,2012,press_release,660,0,2,0.0,30.303030303030305,0.0
duke,2012,press_release,745,0,3,0.0,40.26845637583892,0.0
duke,2012,press_release,1510,1,2,6.622516556291391,13.245033112582782,0.5
duke,2012,press_release,693,0,3,0.0,43.29004329004329,0.0
duke,2012,press_release,997,0,6,0.0,60.18054162487462,0.0
duke,2012,press_release,939,0,2,0.0,21.299254526091588,0.0
duke,2012,press_release,963,0,5,0.0,51.92107995846314,0.0
duke,2012,press_release,869,1,3,11.507479861910241,34.52243958573072,0.3333333333333333
duke,2012,press_release,963,1,10,10.384215991692628,103.84215991692628,0.1
duke,2012,press_release,449,0,6,0.0,133.630289532294,0.0
duke,2012,press_release,1037,2,3,19.286403085824492,28.92960462873674,0.6666666666666666
duke,2012,press_release,906,1,7,11.037527593818984,77.2626931567329,0.14285714285714285
duke,2012,press_release,1522,2,4,13.140604467805518,26.281208935611037,0.5
duke,2012,press_release,912,0,2,0.0,21.92982456140351,0.0
duke,2012,press_release,521,0,9,0.0,172.7447216890595,0.0
duke,2012,press_release,912,0,3,0.0,32.89473684210526,0.0
duke,2012,press_release,761,0,2,0.0,26.281208935611037,0.0
duke,2012,press_release,1663,19,3,114.2513529765484,18.039687312086592,6.333333333333333
duke,2012,press_release,796,0,2,0.0,25.12562814070352,0.0
duke,2012,press_release,780,0,2,0.0,25.641025641025642,0.0
duke,2023,press_release,315,0,2,0.0,63.492063492063494,0.0
duke,2025,press_release,2075,0,0,0.0,0.0,
duke,2014,press_release,862,1,3,11.600928074245939,34.80278422273782,0.3333333333333333
duke,2014,press_release,914,0,7,0.0,76.58643326039387,0.0
duke,2014,press_release,1024,0,3,0.0,29.296875,0.0
duke,2014,press_release,869,0,2,0.0,23.014959723820482,0.0
duke,2014,press_release,475,0,2,0.0,42.10526315789474,0.0
duke,2014,press_release,997,0,2,0.0,20.060180541624874,0.0
duke,2014,press_release,814,0,16,0.0,196.56019656019657,0.0
duke,2014,press_release,1459,1,2,6.854009595613434,13.708019191226867,0.5
duke,2014,press_release,900,0,2,0.0,22.22222222222222,0.0
duke,2014,press_release,846,0,2,0.0,23.64066193853428,0.0
duke,2014,press_release,1057,0,3,0.0,28.38221381267739,0.0
duke,2014,press_release,757,0,2,0.0,26.42007926023778,0.0
duke,2014,press_release,863,3,4,34.762456546929315,46.349942062572424,0.7499999999999999
duke,2014,press_release,1042,2,6,19.193857965451055,57.58157389635317,0.3333333333333333
duke,2014,press_release,1083,0,5,0.0,46.16805170821792,0.0
duke,2014,press_release,957,0,3,0.0,31.34796238244514,0.0
duke,2013,press_release,1023,0,8,0.0,78.20136852394917,0.0
duke,2013,press_release,575,1,2,17.391304347826086,34.78260869565217,0.5
duke,2013,press_release,1390,0,3,0.0,21.58273381294964,0.0
duke,2013,press_release,803,0,2,0.0,24.906600249066003,0.0
duke,2013,press_release,1118,1,3,8.94454382826476,26.833631484794275,0.33333333333333337
duke,2013,press_release,912,0,2,0.0,21.92982456140351,0.0
duke,2013,press_release,1508,1,2,6.63129973474801,13.26259946949602,0.5
duke,2013,press_release,389,1,4,25.70694087403599,102.82776349614396,0.25
duke,2013,press_release,1024,0,3,0.0,29.296875,0.0
duke,2013,press_release,938,0,2,0.0,21.321961620469082,0.0
duke,2013,press_release,724,0,5,0.0,69.06077348066299,0.0
duke,2013,press_release,735,0,4,0.0,54.42176870748299,0.0
duke,2013,press_release,653,0,2,0.0,30.627871362940276,0.0
duke,2013,press_release,650,0,3,0.0,46.15384615384615,0.0
duke,2013,press_release,699,0,3,0.0,42.918454935622314,0.0
duke,2013,press_release,972,0,2,0.0,20.5761316872428,0.0
duke,2013,press_release,1207,1,4,8.285004142502071,33.140016570008285,0.25
duke,2013,press_release,1057,0,4,0.0,37.842951750236516,0.0
duke,2013,press_release,709,0,2,0.0,28.208744710860366,0.0
duke,2013,press_release,975,0,2,0.0,20.512820512820515,0.0
duke,2013,press_release,952,0,3,0.0,31.51260504201681,0.0
duke,2013,press_release,896,0,62,0.0,691.9642857142857,0.0
duke,2013,press_release,973,1,5,10.277492291880781,51.38746145940391,0.19999999999999998
duke,2013,press_release,497,0,2,0.0,40.241448692152915,0.0
duke,2013,press_release,803,0,2,0.0,24.906600249066003,0.0
duke,2013,press_release,898,0,3,0.0,33.4075723830735,0.0
duke,2013,press_release,939,0,3,0.0,31.94888178913738,0.0
duke,2013,press_release,996,0,6,0.0,60.24096385542169,0.0
duke,2013,press_release,915,0,7,0.0,76.50273224043715,0.0
ucsf,2016,press_release,949,1,14,10.53740779768177,147.52370916754478,0.07142857142857142
ucsf,2011,press_release,1050,1,14,9.523809523809524,133.33333333333334,0.07142857142857142
ucsf,2011,press_release,1303,1,16,7.674597083653108,122.79355333844973,0.0625
ucsf,2011,press_release,1094,1,14,9.140767824497258,127.97074954296161,0.07142857142857142
ucsf,2011,press_release,1039,1,15,9.624639076034649,144.36958614051974,0.06666666666666667
ucsf,2011,press_release,415,1,1,24.096385542168676,24.096385542168676,1.0
ucsf,2011,press_release,1507,1,15,6.635700066357001,99.53550099535501,0.06666666666666667
ucsf,2011,press_release,1049,0,11,0.0,104.86177311725453,0.0
ucsf,2011,press_release,588,1,15,17.006802721088434,255.10204081632654,0.06666666666666667
ucsf,2011,press_release,978,0,0,0.0,0.0,
ucsf,2011,press_release,1375,2,15,14.545454545454545,109.0909090909091,0.13333333333333333
ucsf,2011,press_release,673,0,5,0.0,74.29420505200595,0.0
ucsf,2011,press_release,1292,1,15,7.739938080495356,116.09907120743034,0.06666666666666667
ucsf,2011,press_release,1303,1,13,7.674597083653108,99.7697620874904,0.07692307692307691
ucsf,2011,press_release,825,1,13,12.121212121212121,157.57575757575756,0.07692307692307693
ucsf,2011,press_release,1188,4,22,33.67003367003367,185.1851851851852,0.1818181818181818
ucsf,2011,press_release,1392,1,15,7.183908045977011,107.75862068965517,0.06666666666666667
ucsf,2011,press_release,678,1,14,14.749262536873156,206.4896755162242,0.07142857142857142
ucsf,2011,press_release,1148,1,24,8.710801393728223,209.05923344947735,0.04166666666666667
ucsf,2011,press_release,991,0,0,0.0,0.0,
ucsf,2011,press_release,1499,1,14,6.6711140760507,93.3955970647098,0.07142857142857142
ucsf,2011,press_release,1589,1,14,6.293266205160478,88.10572687224669,0.07142857142857142
ucsf,2011,press_release,802,0,17,0.0,211.97007481296757,0.0
ucsf,2011,press_release,1193,1,26,8.382229673093043,217.9379715004191,0.038461538461538464
ucsf,2011,press_release,1196,1,14,8.361204013377927,117.05685618729098,0.07142857142857142
ucsf,2011,press_release,156,0,0,0.0,0.0,
ucsf,2011,press_release,916,0,2,0.0,21.83406113537118,0.0
ucsf,2011,press_release,1835,3,25,16.348773841961854,136.23978201634878,0.12000000000000001
ucsf,2011,press_release,1117,1,17,8.952551477170994,152.1933751119069,0.058823529411764705
ucsf,2011,press_release,488,0,0,0.0,0.0,
ucsf,2011,press_release,451,0,0,0.0,0.0,
ucsf,2011,press_release,192,0,1,0.0,52.083333333333336,0.0
ucsf,2011,press_release,711,0,21,0.0,295.3586497890295,0.0
ucsf,2011,press_release,152,0,1,0.0,65.78947368421052,0.0
ucsf,2011,press_release,1907,3,32,15.731515469323545,167.8028316727845,0.09375
ucsf,2011,press_release,934,1,14,10.70663811563169,149.89293361884367,0.07142857142857142
ucsf,2011,press_release,178,0,3,0.0,168.53932584269663,0.0
ucsf,2011,press_release,1001,1,24,9.99000999000999,239.76023976023976,0.041666666666666664
ucsf,2011,press_release,923,1,14,10.834236186348862,151.67930660888408,0.07142857142857142
ucsf,2011,press_release,3272,4,22,12.224938875305623,67.23716381418093,0.18181818181818182
ucsf,2011,press_release,675,1,14,14.814814814814815,207.40740740740742,0.07142857142857142
ucsf,2011,press_release,1155,1,13,8.658008658008658,112.55411255411255,0.07692307692307693
ucsf,2011,press_release,298,0,8,0.0,268.4563758389262,0.0
ucsf,2011,press_release,1052,0,15,0.0,142.58555133079847,0.0
ucsf,2011,press_release,854,4,18,46.8384074941452,210.7728337236534,0.2222222222222222
ucsf,2011,press_release,671,1,14,14.903129657228018,208.64381520119224,0.07142857142857142
ucsf,2011,press_release,837,1,13,11.947431302270012,155.31660692951016,0.07692307692307691
ucsf,2011,press_release,1302,1,13,7.680491551459293,99.84639016897081,0.07692307692307693
ucsf,2011,press_release,1161,0,11,0.0,94.74590869939708,0.0
ucsf,2011,press_release,192,0,1,0.0,52.083333333333336,0.0
ucsf,2011,press_release,971,0,2,0.0,20.597322348094746,0.0
ucsf,2011,press_release,860,0,3,0.0,34.883720930232556,0.0
ucsf,2011,press_release,348,0,1,0.0,28.735632183908045,0.0
ucsf,2011,press_release,143,0,0,0.0,0.0,
ucsf,2011,press_release,1661,0,27,0.0,162.5526791089705,0.0
ucsf,2011,press_release,1815,1,14,5.509641873278237,77.13498622589532,0.07142857142857142
ucsf,2011,press_release,1173,1,19,8.525149190110827,161.9778346121057,0.052631578947368425
ucsf,2011,press_release,1278,1,18,7.82472613458529,140.8450704225352,0.05555555555555556
ucsf,2011,press_release,543,0,3,0.0,55.248618784530386,0.0
ucsf,2011,press_release,1271,1,17,7.867820613690008,133.75295043273013,0.05882352941176471
ucsf,2011,press_release,921,1,14,10.857763300760043,152.0086862106406,0.07142857142857142
ucsf,2011,press_release,1275,2,14,15.686274509803921,109.80392156862744,0.14285714285714285
ucsf,2011,press_release,1093,4,14,36.596523330283624,128.0878316559927,0.2857142857142857
ucsf,2011,press_release,164,0,2,0.0,121.95121951219512,0.0
ucsf,2011,press_release,174,0,3,0.0,172.41379310344828,0.0
ucsf,2011,press_release,1110,4,15,36.03603603603604,135.13513513513513,0.26666666666666666
ucsf,2011,press_release,900,0,2,0.0,22.22222222222222,0.0
ucsf,2011,press_release,993,1,18,10.070493454179255,181.2688821752266,0.05555555555555555
ucsf,2011,press_release,585,0,8,0.0,136.75213675213675,0.0
ucsf,2018,press_release,957,1,14,10.449320794148381,146.2904911180773,0.07142857142857144
ucsf,2010,press_release,243,0,3,0.0,123.45679012345678,0.0
ucsf,2010,press_release,1126,1,24,8.880994671403197,213.14387211367674,0.041666666666666664
ucsf,2010,press_release,1089,0,1,0.0,9.182736455463727,0.0
ucsf,2010,press_release,722,1,0,13.850415512465373,0.0,
ucsf,2010,press_release,932,0,8,0.0,85.83690987124463,0.0
ucsf,2010,press_release,235,0,7,0.0,297.8723404255319,0.0
ucsf,2010,press_release,758,1,15,13.192612137203167,197.88918205804748,0.06666666666666667
ucsf,2010,press_release,1179,0,10,0.0,84.81764206955047,0.0
ucsf,2010,press_release,1093,1,17,9.149130832570906,155.5352241537054,0.058823529411764705
ucsf,2010,press_release,1346,1,22,7.429420505200595,163.44725111441306,0.04545454545454546
ucsf,2010,press_release,184,0,5,0.0,271.7391304347826,0.0
ucsf,2010,press_release,378,2,0,52.91005291005291,0.0,
ucsf,2010,press_release,934,0,10,0.0,107.06638115631692,0.0
ucsf,2010,press_release,805,0,20,0.0,248.4472049689441,0.0
ucsf,2010,press_release,966,0,11,0.0,113.87163561076605,0.0
ucsf,2010,press_release,670,0,34,0.0,507.46268656716416,0.0
ucsf,2010,press_release,802,0,14,0.0,174.5635910224439,0.0
ucsf,2010,press_release,184,0,5,0.0,271.7391304347826,0.0
ucsf,2010,press_release,922,2,23,21.691973969631235,249.45770065075922,0.08695652173913043
ucsf,2010,press_release,1335,1,21,7.49063670411985,157.30337078651687,0.047619047619047616
ucsf,2010,press_release,374,0,1,0.0,26.737967914438503,0.0
ucsf,2017,press_release,931,1,15,10.741138560687434,161.1170784103115,0.06666666666666667
ucsf,2012,press_release,1023,2,17,19.550342130987293,166.177908113392,0.11764705882352941
ucsf,2012,press_release,218,0,1,0.0,45.87155963302752,0.0
ucsf,2012,press_release,900,2,28,22.22222222222222,311.1111111111111,0.07142857142857144
ucsf,2012,press_release,1496,1,14,6.684491978609626,93.58288770053476,0.07142857142857144
ucsf,2012,press_release,225,0,3,0.0,133.33333333333334,0.0
ucsf,2012,press_release,1132,1,24,8.8339222614841,212.01413427561837,0.04166666666666667
ucsf,2012,press_release,276,0,7,0.0,253.6231884057971,0.0
ucsf,2012,press_release,840,1,32,11.904761904761905,380.95238095238096,0.03125
ucsf,2012,press_release,440,0,10,0.0,227.27272727272728,0.0
ucsf,2012,press_release,565,0,3,0.0,53.097345132743364,0.0
ucsf,2012,press_release,1066,1,18,9.380863039399625,168.85553470919325,0.05555555555555555
ucsf,2012,press_release,258,0,7,0.0,271.3178294573643,0.0
ucsf,2012,press_release,916,1,14,10.91703056768559,152.83842794759826,0.07142857142857142
ucsf,2012,press_release,727,2,18,27.51031636863824,247.59284731774414,0.11111111111111112
ucsf,2012,press_release,234,1,10,42.73504273504273,427.35042735042737,0.09999999999999999
ucsf,2012,press_release,926,1,15,10.799136069114471,161.98704103671707,0.06666666666666667
ucsf,2012,press_release,1184,1,19,8.445945945945946,160.47297297297297,0.05263157894736842
ucsf,2012,press_release,288,0,9,0.0,312.5,0.0
ucsf,2012,press_release,1200,1,17,8.333333333333334,141.66666666666666,0.05882352941176471
ucsf,2012,press_release,1436,1,14,6.963788300835654,97.49303621169916,0.07142857142857142
ucsf,2012,press_release,1311,1,23,7.627765064836003,175.43859649122808,0.043478260869565216
ucsf,2012,press_release,1363,2,15,14.673514306676449,110.05135730007336,0.13333333333333333
ucsf,2012,press_release,1132,1,14,8.8339222614841,123.67491166077738,0.07142857142857144
ucsf,2012,press_release,1171,2,15,17.079419299743808,128.09564474807857,0.13333333333333333
ucsf,2012,press_release,1761,1,36,5.6785917092561045,204.42930153321976,0.02777777777777778
ucsf,2012,press_release,234,0,2,0.0,85.47008547008546,0.0
ucsf,2012,press_release,1283,1,14,7.79423226812159,109.11925175370226,0.07142857142857142
ucsf,2012,press_release,249,0,7,0.0,281.12449799196787,0.0
ucsf,2012,press_release,1122,1,14,8.9126559714795,124.77718360071302,0.07142857142857142
ucsf,2012,press_release,235,0,3,0.0,127.65957446808511,0.0
ucsf,2012,press_release,1294,1,15,7.727975270479135,115.91962905718702,0.06666666666666667
ucsf,2012,press_release,1841,7,43,38.02281368821293,233.56871265616513,0.1627906976744186
ucsf,2012,press_release,1126,1,16,8.880994671403197,142.09591474245116,0.0625
ucsf,2012,press_release,192,0,1,0.0,52.083333333333336,0.0
ucsf,2012,press_release,596,0,11,0.0,184.56375838926175,0.0
ucsf,2012,press_release,233,0,7,0.0,300.42918454935625,0.0
ucsf,2012,press_release,1179,2,16,16.963528413910094,135.70822731128075,0.125
ucsf,2012,press_release,846,2,28,23.64066193853428,330.9692671394799,0.07142857142857144
ucsf,2012,press_release,1122,1,23,8.9126559714795,204.99108734402853,0.043478260869565216
ucsf,2012,press_release,1170,2,28,17.094017094017094,239.31623931623932,0.07142857142857142
ucsf,2012,press_release,710,1,14,14.084507042253522,197.18309859154928,0.07142857142857144
ucsf,2012,press_release,1687,2,20,11.855364552459989,118.55364552459989,0.1
ucsf,2012,press_release,1496,2,29,13.368983957219251,193.85026737967914,0.06896551724137931
ucsf,2015,press_release,1156,1,20,8.650519031141869,173.01038062283737,0.05
ucsf,2015,press_release,703,0,10,0.0,142.2475106685633,0.0
ucsf,2023,press_release,1440,1,6,6.944444444444445,41.666666666666664,0.16666666666666669
ucsf,2024,press_release,892,0,1,0.0,11.210762331838565,0.0
ucsf,2024,press_release,940,0,1,0.0,10.638297872340425,0.0
ucsf,2024,press_release,1000,2,6,20.0,60.0,0.3333333333333333
ucsf,2024,press_release,848,1,15,11.79245283018868,176.88679245283018,0.06666666666666667
ucsf,2024,press_release,1059,0,0,0.0,0.0,
ucsf,2024,press_release,1101,2,2,18.165304268846505,18.165304268846505,1.0
ucsf,2024,press_release,674,2,4,29.673590504451038,59.347181008902076,0.5
ucsf,2024,press_release,387,0,1,0.0,25.839793281653748,0.0
ucsf,2024,press_release,468,0,1,0.0,21.367521367521366,0.0
ucsf,2024,press_release,813,1,19,12.300123001230013,233.70233702337023,0.052631578947368425
ucsf,2024,press_release,817,1,10,12.239902080783354,122.39902080783354,0.1
ucsf,2024,press_release,1651,2,10,12.113870381586917,60.56935190793458,0.2
ucsf,2024,press_release,756,1,2,13.227513227513228,26.455026455026456,0.5
ucsf,2024,press_release,623,0,0,0.0,0.0,
ucsf,2024,press_release,716,1,4,13.966480446927374,55.865921787709496,0.25
ucsf,2024,press_release,638,1,0,15.67398119122257,0.0,
ucsf,2024,press_release,976,0,12,0.0,122.95081967213115,0.0
ucsf,2024,press_release,984,0,13,0.0,132.1138211382114,0.0
ucsf,2024,press_release,904,0,5,0.0,55.309734513274336,0.0
ucsf,2024,press_release,540,0,10,0.0,185.1851851851852,0.0
ucsf,2024,press_release,539,0,7,0.0,129.87012987012986,0.0
ucsf,2024,press_release,606,0,4,0.0,66.00660066006601,0.0
ucsf,2024,press_release,756,0,0,0.0,0.0,
ucsf,2024,press_release,908,0,4,0.0,44.052863436123346,0.0
ucsf,2024,press_release,676,1,1,14.792899408284024,14.792899408284024,1.0
ucsf,2024,press_release,660,2,8,30.303030303030305,121.21212121212122,0.25
ucsf,2024,press_release,699,0,2,0.0,28.61230329041488,0.0
ucsf,2024,press_release,813,0,6,0.0,73.80073800738008,0.0
ucsf,2024,press_release,950,3,1,31.57894736842105,10.526315789473685,2.9999999999999996
ucsf,2024,press_release,1458,2,16,13.717421124828531,109.73936899862825,0.125
ucsf,2024,press_release,715,2,0,27.972027972027973,0.0,
ucsf,2024,press_release,660,0,0,0.0,0.0,
ucsf,2024,press_release,1091,0,7,0.0,64.16131989000917,0.0
ucsf,2024,press_release,1058,1,18,9.45179584120983,170.13232514177693,0.05555555555555555
ucsf,2024,press_release,1117,1,11,8.952551477170994,98.47806624888094,0.09090909090909091
ucsf,2024,press_release,482,1,4,20.74688796680498,82.98755186721992,0.25
ucsf,2024,press_release,934,0,3,0.0,32.11991434689507,0.0
ucsf,2024,press_release,681,0,0,0.0,0.0,
ucsf,2024,press_release,713,2,0,28.050490883590463,0.0,
ucsf,2024,press_release,2658,0,15,0.0,56.433408577878104,0.0
ucsf,2024,press_release,688,1,1,14.534883720930232,14.534883720930232,1.0
ucsf,2024,press_release,544,0,3,0.0,55.14705882352941,0.0
ucsf,2024,press_release,630,0,4,0.0,63.492063492063494,0.0
ucsf,2024,press_release,1310,1,3,7.633587786259542,22.900763358778626,0.33333333333333337
ucsf,2024,press_release,652,0,6,0.0,92.02453987730061,0.0
ucsf,2024,press_release,926,1,8,10.799136069114471,86.39308855291577,0.125
ucsf,2024,press_release,567,6,18,105.82010582010582,317.46031746031747,0.3333333333333333
ucsf,2024,press_release,1094,1,1,9.140767824497258,9.140767824497258,1.0
ucsf,2024,press_release,958,4,3,41.75365344467641,31.315240083507305,1.3333333333333335
ucsf,2024,press_release,1105,0,3,0.0,27.149321266968325,0.0
ucsf,2024,press_release,1748,0,19,0.0,108.69565217391305,0.0
ucsf,2024,press_release,732,1,5,13.66120218579235,68.30601092896175,0.19999999999999998
ucsf,2024,press_release,933,0,2,0.0,21.436227224008576,0.0
ucsf,2024,press_release,1154,0,7,0.0,60.658578856152516,0.0
ucsf,2024,press_release,1066,1,1,9.380863039399625,9.380863039399625,1.0
ucsf,2024,press_release,506,2,8,39.52569169960474,158.10276679841897,0.25
ucsf,2024,press_release,1071,2,1,18.674136321195146,9.337068160597573,2.0
ucsf,2024,press_release,586,2,2,34.129692832764505,34.129692832764505,1.0
ucsf,2024,press_release,570,0,0,0.0,0.0,
ucsf,2024,press_release,534,0,15,0.0,280.8988764044944,0.0
ucsf,2024,press_release,726,0,1,0.0,13.774104683195592,0.0
ucsf,2024,press_release,799,0,22,0.0,275.3441802252816,0.0
ucsf,2024,press_release,719,0,2,0.0,27.816411682892905,0.0
ucsf,2024,press_release,2680,0,5,0.0,18.65671641791045,0.0
ucsf,2024,press_release,704,0,3,0.0,42.61363636363637,0.0
ucsf,2024,press_release,1326,1,22,7.541478129713424,165.91251885369533,0.04545454545454545
ucsf,2024,press_release,809,3,1,37.08281829419036,12.360939431396787,3.0
ucsf,2024,press_release,562,0,1,0.0,17.793594306049823,0.0
ucsf,2024,press_release,1382,0,5,0.0,36.1794500723589,0.0
ucsf,2024,press_release,824,0,23,0.0,279.126213592233,0.0
ucsf,2024,press_release,749,1,3,13.35113484646195,40.053404539385845,0.33333333333333337
ucsf,2024,press_release,521,1,2,19.193857965451055,38.38771593090211,0.5
ucsf,2024,press_release,670,1,7,14.925373134328359,104.4776119402985,0.14285714285714288
ucsf,2024,press_release,1382,3,1,21.70767004341534,7.23589001447178,3.0000000000000004
ucsf,2024,press_release,567,1,4,17.63668430335097,70.54673721340389,0.25
ucsf,2024,press_release,1598,0,6,0.0,37.546933667083856,0.0
ucsf,2024,press_release,1244,3,16,24.115755627009648,128.61736334405145,0.1875
ucsf,2024,press_release,1002,1,5,9.980039920159681,49.9001996007984,0.2
ucsf,2024,press_release,788,2,0,25.380710659898476,0.0,
ucsf,2024,press_release,1292,5,29,38.69969040247678,224.45820433436532,0.1724137931034483
ucsf,2024,press_release,997,0,2,0.0,20.060180541624874,0.0
ucsf,2024,press_release,1252,0,10,0.0,79.87220447284345,0.0
ucsf,2024,press_release,1802,0,2,0.0,11.098779134295228,0.0
ucsf,2024,press_release,395,1,10,25.31645569620253,253.16455696202533,0.09999999999999999
ucsf,2024,press_release,1507,2,3,13.271400132714001,19.907100199071003,0.6666666666666666
ucsf,2024,press_release,1246,3,0,24.077046548956663,0.0,
ucsf,2024,press_release,708,0,0,0.0,0.0,
ucsf,2024,press_release,870,0,11,0.0,126.4367816091954,0.0
ucsf,2024,press_release,1019,1,15,9.813542688910697,147.20314033366046,0.06666666666666667
ucsf,2024,press_release,735,0,1,0.0,13.605442176870747,0.0
ucsf,2024,press_release,1169,0,3,0.0,25.66295979469632,0.0
ucsf,2024,press_release,798,1,1,12.531328320802006,12.531328320802006,1.0
ucsf,2024,press_release,1136,0,1,0.0,8.80281690140845,0.0
ucsf,2024,press_release,514,0,0,0.0,0.0,
ucsf,2024,press_release,679,0,5,0.0,73.63770250368188,0.0
ucsf,2024,press_release,1346,0,8,0.0,59.43536404160476,0.0
ucsf,2024,press_release,786,1,2,12.72264631043257,25.44529262086514,0.5
ucsf,2024,press_release,451,0,2,0.0,44.34589800443459,0.0
ucsf,2024,press_release,1022,0,11,0.0,107.63209393346379,0.0
ucsf,2024,press_release,1322,0,14,0.0,105.9001512859304,0.0
ucsf,2024,press_release,728,1,0,13.736263736263735,0.0,
ucsf,2024,press_release,435,0,3,0.0,68.96551724137932,0.0
ucsf,2024,press_release,1182,1,7,8.460236886632826,59.22165820642978,0.14285714285714285
ucsf,2024,press_release,783,0,0,0.0,0.0,
ucsf,2024,press_release,588,1,2,17.006802721088434,34.01360544217687,0.5
ucsf,2024,press_release,812,0,0,0.0,0.0,
ucsf,2024,press_release,848,2,4,23.58490566037736,47.16981132075472,0.5
ucsf,2024,press_release,833,2,19,24.009603841536613,228.09123649459784,0.10526315789473684
ucsf,2024,press_release,451,0,3,0.0,66.51884700665188,0.0
ucsf,2024,press_release,669,1,0,14.947683109118087,0.0,
ucsf,2024,press_release,2103,0,7,0.0,33.28578221588207,0.0
ucsf,2024,press_release,720,1,0,13.88888888888889,0.0,
ucsf,2024,press_release,507,0,0,0.0,0.0,
ucsf,2024,press_release,643,0,10,0.0,155.52099533437013,0.0
ucsf,2024,press_release,744,0,0,0.0,0.0,
ucsf,2024,press_release,1933,1,0,5.173305742369374,0.0,
ucsf,2024,press_release,617,0,5,0.0,81.03727714748784,0.0
ucsf,2024,press_release,495,0,9,0.0,181.8181818181818,0.0
ucsf,2024,press_release,902,0,2,0.0,22.172949002217294,0.0
ucsf,2024,press_release,3026,0,30,0.0,99.14077990746861,0.0
ucsf,2024,press_release,643,1,8,15.552099533437014,124.41679626749611,0.125
ucsf,2024,press_release,844,1,1,11.848341232227488,11.848341232227488,1.0
ucsf,2024,press_release,1146,0,1,0.0,8.726003490401396,0.0
ucsf,2024,press_release,828,0,2,0.0,24.154589371980677,0.0
ucsf,2024,press_release,926,0,0,0.0,0.0,
ucsf,2024,press_release,1561,0,4,0.0,25.624599615631006,0.0
ucsf,2024,press_release,987,1,0,10.131712259371835,0.0,
ucsf,2024,press_release,370,0,0,0.0,0.0,
ucsf,2024,press_release,685,1,12,14.598540145985401,175.1824817518248,0.08333333333333334
ucsf,2024,press_release,501,0,2,0.0,39.920159680638726,0.0
ucsf,2024,press_release,1566,1,5,6.385696040868455,31.928480204342275,0.19999999999999998
ucsf,2024,press_release,757,0,1,0.0,13.21003963011889,0.0
ucsf,2024,press_release,896,3,31,33.482142857142854,345.98214285714283,0.0967741935483871
ucsf,2024,press_release,722,0,3,0.0,41.551246537396125,0.0
ucsf,2024,press_release,683,1,0,14.641288433382138,0.0,
ucsf,2024,press_release,1377,2,39,14.524328249818446,283.2244008714597,0.05128205128205128
ucsf,2024,press_release,552,1,0,18.115942028985508,0.0,
ucsf,2024,press_release,780,1,4,12.820512820512821,51.282051282051285,0.25
ucsf,2024,press_release,841,0,11,0.0,130.79667063020213,0.0
ucsf,2024,press_release,683,0,1,0.0,14.641288433382138,0.0
ucsf,2024,press_release,533,4,6,75.046904315197,112.5703564727955,0.6666666666666666
ucsf,2024,press_release,886,2,1,22.573363431151243,11.286681715575622,2.0
ucsf,2024,press_release,1539,3,3,19.49317738791423,19.49317738791423,1.0
ucsf,2024,press_release,902,0,1,0.0,11.086474501108647,0.0
ucsf,2024,press_release,697,1,3,14.347202295552368,43.0416068866571,0.33333333333333337
ucsf,2024,press_release,472,1,5,21.1864406779661,105.9322033898305,0.19999999999999998
ucsf,2024,press_release,739,0,5,0.0,67.65899864682002,0.0
ucsf,2024,press_release,653,0,0,0.0,0.0,
ucsf,2024,press_release,667,1,1,14.992503748125937,14.992503748125937,1.0
ucsf,2024,press_release,760,0,0,0.0,0.0,
ucsf,2024,press_release,727,6,18,82.53094910591471,247.59284731774414,0.3333333333333333
ucsf,2024,press_release,1585,1,17,6.309148264984227,107.25552050473186,0.058823529411764705
ucsf,2024,press_release,701,1,10,14.265335235378032,142.65335235378032,0.1
ucsf,2024,press_release,1255,0,27,0.0,215.1394422310757,0.0
ucsf,2024,press_release,669,0,4,0.0,59.79073243647235,0.0
ucsf,2024,press_release,2023,5,21,24.715768660405338,103.80622837370242,0.23809523809523808
ucsf,2024,press_release,538,1,10,18.587360594795538,185.87360594795538,0.09999999999999999
ucsf,2024,press_release,754,0,2,0.0,26.52519893899204,0.0
ucsf,2024,press_release,579,0,1,0.0,17.271157167530223,0.0
ucsf,2024,press_release,808,0,16,0.0,198.01980198019803,0.0
ucsf,2024,press_release,1679,7,0,41.69148302561048,0.0,
ucsf,2024,press_release,1697,0,64,0.0,377.13612256923983,0.0
ucsf,2024,press_release,747,0,6,0.0,80.32128514056225,0.0
ucsf,2024,press_release,644,1,1,15.527950310559007,15.527950310559007,1.0
ucsf,2024,press_release,631,0,0,0.0,0.0,
ucsf,2024,press_release,1089,0,0,0.0,0.0,
ucsf,2024,press_release,1096,0,0,0.0,0.0,
ucsf,2024,press_release,571,1,1,17.513134851138354,17.513134851138354,1.0
ucsf,2024,press_release,1086,0,4,0.0,36.83241252302026,0.0
ucsf,2024,press_release,591,1,1,16.920473773265652,16.920473773265652,1.0
ucsf,2024,press_release,499,0,3,0.0,60.120240480961925,0.0
ucsf,2024,press_release,1052,0,2,0.0,19.011406844106464,0.0
ucsf,2024,press_release,1718,0,23,0.0,133.8766006984866,0.0
ucsf,2024,press_release,518,0,6,0.0,115.83011583011583,0.0
ucsf,2024,press_release,675,0,0,0.0,0.0,
ucsf,2024,press_release,990,3,14,30.303030303030305,141.41414141414143,0.21428571428571427
ucsf,2024,press_release,1016,0,48,0.0,472.4409448818898,0.0
ucsf,2024,press_release,465,1,1,21.50537634408602,21.50537634408602,1.0
ucsf,2024,press_release,682,0,0,0.0,0.0,
ucsf,2024,press_release,807,0,6,0.0,74.34944237918215,0.0
ucsf,2024,press_release,462,1,1,21.645021645021647,21.645021645021647,1.0
ucsf,2024,press_release,604,0,4,0.0,66.2251655629139,0.0
ucsf,2024,press_release,734,0,17,0.0,231.60762942779292,0.0
ucsf,2024,press_release,501,1,1,19.960079840319363,19.960079840319363,1.0
ucsf,2024,press_release,1342,2,1,14.903129657228018,7.451564828614009,2.0
ucsf,2024,press_release,551,0,2,0.0,36.29764065335753,0.0
ucsf,2024,press_release,1417,0,14,0.0,98.80028228652081,0.0
ucsf,2024,press_release,793,0,0,0.0,0.0,
ucsf,2024,press_release,1545,6,67,38.83495145631068,433.65695792880257,0.08955223880597014
ucsf,2024,press_release,833,0,0,0.0,0.0,
ucsf,2024,press_release,1456,0,3,0.0,20.604395604395606,0.0
ucsf,2024,press_release,523,0,4,0.0,76.48183556405354,0.0
ucsf,2024,press_release,458,0,0,0.0,0.0,
ucsf,2024,press_release,796,0,7,0.0,87.93969849246231,0.0
ucsf,2024,press_release,607,0,6,0.0,98.84678747940691,0.0
ucsf,2024,press_release,993,0,9,0.0,90.6344410876133,0.0
ucsf,2024,press_release,435,0,7,0.0,160.91954022988506,0.0
ucsf,2024,press_release,518,1,0,19.305019305019304,0.0,
ucsf,2024,press_release,913,0,1,0.0,10.95290251916758,0.0
ucsf,2024,press_release,731,0,2,0.0,27.359781121751027,0.0
ucsf,2024,press_release,2195,3,48,13.66742596810934,218.67881548974944,0.0625
ucsf,2024,press_release,1507,0,1,0.0,6.635700066357001,0.0
ucsf,2024,press_release,721,0,0,0.0,0.0,
ucsf,2024,press_release,970,0,1,0.0,10.309278350515465,0.0
ucsf,2024,press_release,1152,0,19,0.0,164.93055555555554,0.0
ucsf,2024,press_release,1695,2,6,11.799410029498524,35.39823008849557,0.3333333333333333
ucsf,2024,press_release,667,1,1,14.992503748125937,14.992503748125937,1.0
ucsf,2024,press_release,403,0,3,0.0,74.44168734491315,0.0
ucsf,2024,press_release,767,0,1,0.0,13.03780964797914,0.0
ucsf,2024,press_release,772,1,1,12.953367875647668,12.953367875647668,1.0
ucsf,2024,press_release,978,0,0,0.0,0.0,
ucsf,2024,press_release,654,1,6,15.290519877675841,91.74311926605505,0.16666666666666666
ucsf,2024,press_release,303,1,6,33.00330033003301,198.01980198019803,0.16666666666666669
ucsf,2024,press_release,1446,0,11,0.0,76.07192254495159,0.0
ucsf,2024,press_release,626,1,0,15.97444089456869,0.0,
ucsf,2024,press_release,660,2,7,30.303030303030305,106.06060606060606,0.2857142857142857
ucsf,2024,press_release,945,2,26,21.164021164021165,275.13227513227514,0.07692307692307693
ucsf,2024,press_release,472,0,1,0.0,21.1864406779661,0.0
ucsf,2025,press_release,1109,0,2,0.0,18.034265103697024,0.0
ucsf,2025,press_release,632,0,15,0.0,237.34177215189874,0.0
ucsf,2025,press_release,1077,2,4,18.570102135561747,37.140204271123494,0.5
ucsf,2025,press_release,365,1,0,27.397260273972602,0.0,
ucsf,2025,press_release,882,0,0,0.0,0.0,
ucsf,2025,press_release,782,1,11,12.787723785166241,140.66496163682865,0.09090909090909091
ucsf,2025,press_release,503,1,0,19.880715705765407,0.0,
ucsf,2025,press_release,882,1,17,11.337868480725623,192.7437641723356,0.058823529411764705
ucsf,2025,press_release,646,2,10,30.959752321981423,154.79876160990713,0.19999999999999998
ucsf,2025,press_release,385,0,1,0.0,25.974025974025974,0.0
ucsf,2025,press_release,899,0,5,0.0,55.61735261401557,0.0
ucsf,2025,press_release,816,0,19,0.0,232.84313725490196,0.0
ucsf,2025,press_release,673,1,2,14.85884101040119,29.71768202080238,0.5
ucsf,2025,press_release,565,1,5,17.699115044247787,88.49557522123894,0.19999999999999998
ucsf,2025,press_release,689,0,3,0.0,43.54136429608128,0.0
ucsf,2025,press_release,393,0,0,0.0,0.0,
ucsf,2025,press_release,1444,1,4,6.925207756232687,27.700831024930746,0.25
ucsf,2025,press_release,1058,1,5,9.45179584120983,47.25897920604915,0.2
ucsf,2025,press_release,806,0,0,0.0,0.0,
ucsf,2025,press_release,359,0,0,0.0,0.0,
ucsf,2025,press_release,1020,1,2,9.803921568627452,19.607843137254903,0.5
ucsf,2025,press_release,1002,0,2,0.0,19.960079840319363,0.0
ucsf,2025,press_release,902,2,8,22.172949002217294,88.69179600886918,0.25
ucsf,2025,press_release,1325,0,7,0.0,52.83018867924528,0.0
ucsf,2025,press_release,705,1,1,14.184397163120567,14.184397163120567,1.0
ucsf,2025,press_release,556,0,16,0.0,287.76978417266184,0.0
ucsf,2025,press_release,1229,2,0,16.273393002441008,0.0,
ucsf,2025,press_release,737,0,2,0.0,27.137042062415198,0.0
ucsf,2025,press_release,962,7,22,72.76507276507276,228.69022869022868,0.3181818181818182
ucsf,2025,press_release,777,0,3,0.0,38.61003861003861,0.0
ucsf,2025,press_release,807,1,0,12.391573729863692,0.0,
ucsf,2025,press_release,446,0,5,0.0,112.10762331838565,0.0
ucsf,2025,press_release,495,2,6,40.4040404040404,121.21212121212122,0.3333333333333333
ucsf,2025,press_release,1464,0,2,0.0,13.66120218579235,0.0
ucsf,2025,press_release,556,0,0,0.0,0.0,
ucsf,2025,press_release,588,1,5,17.006802721088434,85.03401360544218,0.19999999999999996
ucsf,2025,press_release,773,1,7,12.936610608020699,90.55627425614489,0.14285714285714285
ucsf,2025,press_release,1177,0,0,0.0,0.0,
ucsf,2025,press_release,638,0,4,0.0,62.69592476489028,0.0
ucsf,2025,press_release,430,0,0,0.0,0.0,
ucsf,2025,press_release,558,0,12,0.0,215.05376344086022,0.0
ucsf,2025,press_release,700,0,20,0.0,285.7142857142857,0.0
ucsf,2025,press_release,849,1,2,11.778563015312132,23.557126030624264,0.5
ucsf,2025,press_release,946,0,9,0.0,95.13742071881607,0.0
ucsf,2025,press_release,550,6,3,109.0909090909091,54.54545454545455,2.0
ucsf,2025,press_release,1316,0,20,0.0,151.9756838905775,0.0
ucsf,2025,press_release,886,7,1,79.00677200902935,11.286681715575622,7.0
ucsf,2025,press_release,892,0,5,0.0,56.053811659192824,0.0
ucsf,2025,press_release,583,2,7,34.305317324185246,120.06861063464837,0.2857142857142857
ucsf,2025,press_release,619,9,15,145.39579967689824,242.32633279483036,0.6000000000000001
ucsf,2025,press_release,799,0,0,0.0,0.0,
ucsf,2025,press_release,614,2,0,32.57328990228013,0.0,
ucsf,2025,press_release,286,0,1,0.0,34.96503496503497,0.0
ucsf,2025,press_release,810,0,0,0.0,0.0,
ucsf,2025,press_release,764,0,0,0.0,0.0,
ucsf,2025,press_release,793,1,2,12.610340479192939,25.220680958385877,0.5
ucsf,2025,press_release,535,1,14,18.69158878504673,261.68224299065423,0.07142857142857142
ucsf,2025,press_release,218,0,2,0.0,91.74311926605505,0.0
ucsf,2025,press_release,232,0,1,0.0,43.10344827586207,0.0
ucsf,2025,press_release,1639,1,0,6.101281269066504,0.0,
ucsf,2025,press_release,706,0,2,0.0,28.328611898016998,0.0
ucsf,2025,press_release,318,0,0,0.0,0.0,
ucsf,2025,press_release,982,1,27,10.183299389002036,274.94908350305496,0.037037037037037035
ucsf,2025,press_release,683,1,3,14.641288433382138,43.92386530014641,0.33333333333333337
ucsf,2025,press_release,1252,3,10,23.961661341853034,79.87220447284345,0.3
ucsf,2025,press_release,838,0,18,0.0,214.79713603818615,0.0
ucsf,2025,press_release,408,0,0,0.0,0.0,
ucsf,2025,press_release,241,0,5,0.0,207.4688796680498,0.0
ucsf,2025,press_release,2022,7,0,34.619188921859546,0.0,
ucsf,2025,press_release,1555,0,2,0.0,12.861736334405144,0.0
ucsf,2025,press_release,441,2,6,45.35147392290249,136.05442176870747,0.33333333333333337
ucsf,2025,press_release,874,0,1,0.0,11.441647597254004,0.0
ucsf,2025,press_release,463,0,0,0.0,0.0,
ucsf,2025,press_release,823,0,16,0.0,194.41069258809233,0.0
ucsf,2025,press_release,830,0,2,0.0,24.096385542168676,0.0
ucsf,2025,press_release,1311,0,2,0.0,15.255530129672007,0.0
ucsf,2025,press_release,336,0,1,0.0,29.761904761904763,0.0
ucsf,2025,press_release,1136,3,12,26.408450704225352,105.63380281690141,0.25
ucsf,2025,press_release,756,0,1,0.0,13.227513227513228,0.0
ucsf,2025,press_release,886,2,5,22.573363431151243,56.433408577878104,0.4
ucsf,2025,press_release,1172,0,0,0.0,0.0,
ucsf,2025,press_release,775,0,14,0.0,180.6451612903226,0.0
ucsf,2025,press_release,569,1,0,17.57469244288225,0.0,
ucsf,2025,press_release,593,0,2,0.0,33.72681281618887,0.0
ucsf,2025,press_release,945,0,2,0.0,21.164021164021165,0.0
ucsf,2025,press_release,417,1,1,23.980815347721823,23.980815347721823,1.0
ucsf,2025,press_release,898,1,6,11.135857461024498,66.815144766147,0.16666666666666663
ucsf,2025,press_release,840,0,0,0.0,0.0,
ucsf,2025,press_release,802,2,1,24.93765586034913,12.468827930174564,2.0
ucsf,2025,press_release,1437,1,51,6.958942240779401,354.90605427974947,0.0196078431372549
ucsf,2025,press_release,748,2,3,26.737967914438503,40.106951871657756,0.6666666666666666
ucsf,2025,press_release,995,0,1,0.0,10.050251256281408,0.0
ucsf,2025,press_release,826,0,0,0.0,0.0,
ucsf,2025,press_release,808,0,0,0.0,0.0,
ucsf,2025,press_release,1701,8,10,47.031158142269256,58.78894767783657,0.8
ucsf,2025,press_release,1065,4,3,37.55868544600939,28.169014084507044,1.3333333333333333
ucsf,2025,press_release,607,0,0,0.0,0.0,
ucsf,2025,press_release,1266,0,0,0.0,0.0,
ucsf,2025,press_release,821,0,2,0.0,24.360535931790498,0.0
ucsf,2025,press_release,473,0,1,0.0,21.141649048625794,0.0
ucsf,2025,press_release,1665,0,22,0.0,132.13213213213214,0.0
ucsf,2025,press_release,1098,2,16,18.214936247723134,145.71948998178507,0.125
ucsf,2025,press_release,495,0,12,0.0,242.42424242424244,0.0
ucsf,2025,press_release,899,2,5,22.246941045606228,55.61735261401557,0.39999999999999997
ucsf,2025,press_release,304,1,16,32.89473684210526,526.3157894736842,0.0625
ucsf,2025,press_release,548,0,0,0.0,0.0,
ucsf,2025,press_release,718,1,12,13.927576601671309,167.13091922005572,0.08333333333333333
ucsf,2025,press_release,509,0,1,0.0,19.64636542239686,0.0
ucsf,2025,press_release,1377,3,8,21.78649237472767,58.09731299927378,0.375
ucsf,2025,press_release,593,0,1,0.0,16.863406408094434,0.0
ucsf,2025,press_release,845,0,1,0.0,11.834319526627219,0.0
ucsf,2025,press_release,344,0,4,0.0,116.27906976744185,0.0
ucsf,2025,press_release,897,0,2,0.0,22.296544035674472,0.0
ucsf,2025,press_release,425,0,3,0.0,70.58823529411765,0.0
ucsf,2025,press_release,1202,0,3,0.0,24.958402662229616,0.0
ucsf,2025,press_release,424,0,1,0.0,23.58490566037736,0.0
ucsf,2025,press_release,343,0,1,0.0,29.154518950437318,0.0
ucsf,2025,press_release,508,0,13,0.0,255.90551181102362,0.0
ucsf,2025,press_release,637,0,0,0.0,0.0,
ucsf,2025,press_release,945,0,1,0.0,10.582010582010582,0.0
ucsf,2025,press_release,1281,3,16,23.4192037470726,124.9024199843872,0.18750000000000003
ucsf,2025,press_release,1203,4,4,33.25020781379884,33.25020781379884,1.0
ucsf,2025,press_release,690,1,0,14.492753623188406,0.0,
ucsf,2025,press_release,578,0,7,0.0,121.10726643598616,0.0
ucsf,2025,press_release,666,0,13,0.0,195.1951951951952,0.0
ucsf,2025,press_release,1051,0,2,0.0,19.029495718363464,0.0
ucsf,2025,press_release,289,0,0,0.0,0.0,
ucsf,2025,press_release,389,0,12,0.0,308.48329048843186,0.0
ucsf,2025,press_release,719,0,1,0.0,13.908205841446453,0.0
ucsf,2025,press_release,1099,0,4,0.0,36.39672429481347,0.0
ucsf,2025,press_release,895,0,0,0.0,0.0,
ucsf,2025,press_release,744,0,2,0.0,26.881720430107528,0.0
ucsf,2025,press_release,222,0,5,0.0,225.22522522522522,0.0
ucsf,2025,press_release,795,2,1,25.157232704402517,12.578616352201259,2.0
ucsf,2025,press_release,1822,1,4,5.48847420417124,21.95389681668496,0.25
ucsf,2025,press_release,1092,2,0,18.315018315018314,0.0,
ucsf,2025,press_release,420,0,1,0.0,23.80952380952381,0.0
ucsf,2025,press_release,1217,3,3,24.65078060805259,24.65078060805259,1.0
ucsf,2025,press_release,481,0,5,0.0,103.95010395010395,0.0
ucsf,2025,press_release,688,0,2,0.0,29.069767441860463,0.0
ucsf,2025,press_release,1404,0,28,0.0,199.43019943019942,0.0
ucsf,2025,press_release,631,2,4,31.695721077654518,63.391442155309036,0.5
ucsf,2025,press_release,421,0,11,0.0,261.2826603325416,0.0
ucsf,2025,press_release,674,1,4,14.836795252225519,59.347181008902076,0.25
ucsf,2025,press_release,1070,0,1,0.0,9.345794392523365,0.0
ucsf,2025,press_release,235,0,1,0.0,42.5531914893617,0.0
ucsf,2025,press_release,492,0,2,0.0,40.65040650406504,0.0
ucsf,2025,press_release,1175,2,2,17.02127659574468,17.02127659574468,1.0
ucsf,2025,press_release,1076,0,9,0.0,83.64312267657992,0.0
ucsf,2025,press_release,842,0,4,0.0,47.50593824228029,0.0
ucsf,2025,press_release,667,2,13,29.985007496251875,194.9025487256372,0.15384615384615385
ucsf,2025,press_release,642,0,3,0.0,46.728971962616825,0.0
ucsf,2025,press_release,1192,3,4,25.16778523489933,33.557046979865774,0.75
ucsf,2025,press_release,878,1,2,11.389521640091116,22.779043280182233,0.5
ucsf,2025,press_release,863,1,1,11.587485515643106,11.587485515643106,1.0
ucsf,2025,press_release,749,0,1,0.0,13.35113484646195,0.0
ucsf,2025,press_release,752,0,6,0.0,79.7872340425532,0.0
ucsf,2025,press_release,587,2,0,34.07155025553663,0.0,
ucsf,2025,press_release,1480,6,4,40.54054054054054,27.027027027027028,1.5
ucsf,2025,press_release,864,2,2,23.14814814814815,23.14814814814815,1.0
ucsf,2025,press_release,1258,1,38,7.94912559618442,302.0667726550079,0.026315789473684213
ucsf,2025,press_release,933,0,0,0.0,0.0,
ucsf,2025,press_release,1340,0,5,0.0,37.3134328358209,0.0
ucsf,2025,press_release,822,0,0,0.0,0.0,
ucsf,2025,press_release,667,0,1,0.0,14.992503748125937,0.0
ucsf,2025,press_release,632,1,1,15.822784810126583,15.822784810126583,1.0
ucsf,2025,press_release,821,0,3,0.0,36.54080389768575,0.0
ucsf,2025,press_release,1696,2,10,11.79245283018868,58.9622641509434,0.2
ucsf,2025,press_release,759,0,1,0.0,13.175230566534914,0.0
ucsf,2025,press_release,916,0,6,0.0,65.50218340611353,0.0
ucsf,2025,press_release,436,0,0,0.0,0.0,
ucsf,2025,press_release,654,1,0,15.290519877675841,0.0,
ucsf,2025,press_release,264,0,0,0.0,0.0,
ucsf,2025,press_release,463,0,3,0.0,64.79481641468682,0.0
ucsf,2025,press_release,725,0,1,0.0,13.793103448275861,0.0
ucsf,2025,press_release,1031,2,34,19.398642095053347,329.7769156159069,0.058823529411764705
ucsf,2025,press_release,474,0,0,0.0,0.0,
ucsf,2025,press_release,843,0,2,0.0,23.72479240806643,0.0
ucsf,2025,press_release,458,0,0,0.0,0.0,
ucsf,2025,press_release,494,0,4,0.0,80.97165991902834,0.0
ucsf,2025,press_release,398,0,4,0.0,100.50251256281408,0.0
ucsf,2025,press_release,480,1,0,20.833333333333332,0.0,
ucsf,2025,press_release,614,0,2,0.0,32.57328990228013,0.0
ucsf,2025,press_release,894,0,0,0.0,0.0,
ucsf,2025,press_release,850,1,0,11.764705882352942,0.0,
ucsf,2025,press_release,1000,0,4,0.0,40.0,0.0
ucsf,2025,press_release,278,0,0,0.0,0.0,
ucsf,2025,press_release,1290,1,10,7.751937984496124,77.51937984496124,0.1
ucsf,2025,press_release,1099,0,0,0.0,0.0,
ucsf,2025,press_release,1095,3,0,27.397260273972602,0.0,
ucsf,2025,press_release,665,3,1,45.11278195488722,15.037593984962406,3.0
ucsf,2025,press_release,433,2,7,46.18937644341801,161.66281755196306,0.2857142857142857
ucsf,2025,press_release,544,0,0,0.0,0.0,
ucsf,2025,press_release,1029,1,34,9.718172983479105,330.4178814382896,0.02941176470588235
ucsf,2025,press_release,438,0,0,0.0,0.0,
ucsf,2025,press_release,865,0,11,0.0,127.16763005780346,0.0
ucsf,2025,press_release,519,0,13,0.0,250.48169556840077,0.0
ucsf,2025,press_release,1084,1,6,9.22509225092251,55.35055350553505,0.16666666666666669
ucsf,2025,press_release,908,3,0,33.03964757709251,0.0,
ucsf,2025,press_release,389,0,4,0.0,102.82776349614396,0.0
ucsf,2025,press_release,815,0,0,0.0,0.0,
ucsf,2014,press_release,959,1,15,10.427528675703858,156.41293013555787,0.06666666666666667
ucsf,2014,press_release,1087,1,16,9.19963201471941,147.19411223551057,0.0625
ucsf,2014,press_release,1350,2,34,14.814814814814815,251.85185185185185,0.058823529411764705
ucsf,2014,press_release,689,0,9,0.0,130.62409288824384,0.0
ucsf,2014,press_release,1431,6,27,41.928721174004195,188.67924528301887,0.22222222222222224
ucsf,2014,press_release,1131,2,24,17.68346595932803,212.20159151193633,0.08333333333333334
ucsf,2014,press_release,965,1,27,10.362694300518134,279.79274611398966,0.037037037037037035
ucsf,2013,press_release,1165,3,15,25.751072961373392,128.75536480686696,0.19999999999999998
ucsf,2013,press_release,1490,6,20,40.26845637583892,134.2281879194631,0.29999999999999993
ucsf,2013,press_release,1372,1,15,7.288629737609329,109.32944606413994,0.06666666666666667
ucsf,2013,press_release,847,1,22,11.806375442739078,259.7402597402597,0.045454545454545456
ucsf,2013,press_release,1084,1,17,9.22509225092251,156.82656826568265,0.05882352941176471
ucsf,2013,press_release,225,0,11,0.0,488.8888888888889,0.0
ucsf,2013,press_release,961,1,14,10.40582726326743,145.68158168574402,0.07142857142857142
ucsf,2013,press_release,1071,3,22,28.011204481792717,205.4154995331466,0.13636363636363635
ucsf,2013,press_release,839,1,21,11.918951132300357,250.29797377830752,0.047619047619047616
ucsf,2013,press_release,2024,7,25,34.58498023715415,123.51778656126483,0.27999999999999997
ucsf,2013,press_release,251,0,3,0.0,119.5219123505976,0.0
ucsf,2013,press_release,1754,3,17,17.10376282782212,96.92132269099201,0.17647058823529413
ucsf,2013,press_release,1080,1,16,9.25925925925926,148.14814814814815,0.0625
ucsf,2013,press_release,1092,4,25,36.63003663003663,228.93772893772893,0.16
ucsf,2013,press_release,1771,3,18,16.93958215697346,101.63749294184076,0.16666666666666669
ucsf,2013,press_release,1107,1,21,9.033423667570009,189.7018970189702,0.04761904761904762
ucsf,2013,press_release,1152,1,17,8.680555555555555,147.56944444444446,0.0588235294117647
ucsf,2013,press_release,816,3,17,36.76470588235294,208.33333333333334,0.1764705882352941
ucsf,2013,press_release,729,0,11,0.0,150.89163237311385,0.0
ucsf,2013,press_release,2033,7,25,34.43187407771766,122.97097884899163,0.28
michigan,2016,press_release,344,0,4,0.0,116.27906976744185,0.0
michigan,2016,press_release,313,0,3,0.0,95.84664536741214,0.0
michigan,2016,press_release,615,0,1,0.0,16.260162601626018,0.0
michigan,2016,press_release,316,0,4,0.0,126.58227848101266,0.0
michigan,2016,press_release,221,0,4,0.0,180.99547511312218,0.0
michigan,2016,press_release,168,0,3,0.0,178.57142857142858,0.0
michigan,2016,press_release,323,1,5,30.959752321981423,154.79876160990713,0.19999999999999998
michigan,2016,press_release,301,0,2,0.0,66.44518272425249,0.0
michigan,2011,press_release,3933,1,31,2.5425883549453343,78.82023900330536,0.03225806451612903
michigan,2011,press_release,632,0,5,0.0,79.11392405063292,0.0
michigan,2011,press_release,4265,1,39,2.3446658851113718,91.44196951934349,0.025641025641025644
michigan,2011,press_release,4265,1,39,2.3446658851113718,91.44196951934349,0.025641025641025644
michigan,2020,press_release,729,0,3,0.0,41.1522633744856,0.0
michigan,2021,press_release,693,0,5,0.0,72.15007215007215,0.0
michigan,2019,press_release,774,0,3,0.0,38.75968992248062,0.0
michigan,2017,press_release,771,1,2,12.970168612191959,25.940337224383917,0.5
michigan,2012,press_release,283,0,4,0.0,141.3427561837456,0.0
michigan,2012,press_release,1463,1,10,6.83526999316473,68.3526999316473,0.10000000000000002
michigan,2012,press_release,4896,5,57,10.212418300653594,116.42156862745098,0.08771929824561403
michigan,2012,press_release,3933,1,31,2.5425883549453343,78.82023900330536,0.03225806451612903
michigan,2012,press_release,3080,2,24,6.4935064935064934,77.92207792207792,0.08333333333333334
michigan,2012,press_release,3933,1,31,2.5425883549453343,78.82023900330536,0.03225806451612903
michigan,2023,press_release,776,0,3,0.0,38.65979381443299,0.0
michigan,2022,press_release,774,0,1,0.0,12.919896640826874,0.0
stanford,2016,press_release,163,0,3,0.0,184.04907975460122,0.0
stanford,2016,press_release,667,0,6,0.0,89.95502248875562,0.0
stanford,2016,press_release,982,1,25,10.183299389002036,254.5824847250509,0.04
stanford,2016,press_release,585,1,28,17.094017094017094,478.63247863247864,0.03571428571428571
stanford,2016,press_release,639,2,26,31.29890453834116,406.88575899843505,0.07692307692307693
stanford,2016,press_release,821,0,17,0.0,207.06455542021925,0.0
stanford,2016,press_release,358,1,25,27.932960893854748,698.3240223463687,0.04
stanford,2016,press_release,879,0,19,0.0,216.1547212741752,0.0
stanford,2016,press_release,850,0,19,0.0,223.52941176470588,0.0
stanford,2016,press_release,761,1,32,13.140604467805518,420.4993429697766,0.03125
stanford,2016,press_release,163,0,3,0.0,184.04907975460122,0.0
stanford,2016,press_release,1284,2,32,15.576323987538942,249.22118380062307,0.0625
stanford,2016,press_release,1079,1,4,9.267840593141798,37.071362372567194,0.25
stanford,2016,press_release,1031,1,4,9.699321047526674,38.797284190106694,0.25
stanford,2016,press_release,496,0,23,0.0,463.7096774193548,0.0
stanford,2016,press_release,802,0,34,0.0,423.94014962593513,0.0
stanford,2016,press_release,180,0,4,0.0,222.22222222222223,0.0
stanford,2016,press_release,598,2,5,33.44481605351171,83.61204013377926,0.4000000000000001
stanford,2016,press_release,163,0,3,0.0,184.04907975460122,0.0
stanford,2016,press_release,696,2,24,28.735632183908045,344.82758620689657,0.08333333333333333
stanford,2016,press_release,882,0,4,0.0,45.35147392290249,0.0
stanford,2016,press_release,2396,0,8,0.0,33.3889816360601,0.0
stanford,2016,press_release,821,0,17,0.0,207.06455542021925,0.0
stanford,2016,press_release,804,0,39,0.0,485.07462686567163,0.0
stanford,2016,press_release,1091,0,4,0.0,36.663611365719525,0.0
stanford,2016,press_release,633,0,21,0.0,331.7535545023697,0.0
stanford,2016,press_release,477,0,3,0.0,62.893081761006286,0.0
stanford,2016,press_release,499,0,8,0.0,160.32064128256513,0.0
stanford,2011,press_release,789,0,9,0.0,114.06844106463879,0.0
stanford,2018,press_release,1486,0,19,0.0,127.8600269179004,0.0
stanford,2018,press_release,872,0,6,0.0,68.80733944954129,0.0
stanford,2020,press_release,376,0,9,0.0,239.36170212765958,0.0
stanford,2020,press_release,1052,1,51,9.505703422053232,484.7908745247148,0.0196078431372549
stanford,2021,press_release,512,0,8,0.0,156.25,0.0
stanford,2021,press_release,1128,0,14,0.0,124.11347517730496,0.0
stanford,2019,press_release,1872,0,14,0.0,74.78632478632478,0.0
stanford,2019,press_release,531,0,10,0.0,188.32391713747646,0.0
stanford,2017,press_release,773,0,27,0.0,349.28848641655884,0.0
stanford,2017,press_release,824,0,6,0.0,72.81553398058253,0.0
stanford,2015,press_release,910,0,6,0.0,65.93406593406593,0.0
stanford,2015,press_release,1081,2,4,18.501387604070306,37.00277520814061,0.5
stanford,2015,press_release,831,0,22,0.0,264.74127557160045,0.0
stanford,2015,press_release,1269,1,22,7.880220646178093,173.36485421591806,0.04545454545454545
stanford,2015,press_release,1077,0,23,0.0,213.55617455896007,0.0
stanford,2015,press_release,1257,1,29,7.955449482895784,230.70803500397773,0.034482758620689655
stanford,2015,press_release,1383,1,35,7.230657989877079,253.07302964569777,0.02857142857142857
stanford,2015,press_release,1392,0,20,0.0,143.67816091954023,0.0
stanford,2015,press_release,1416,1,25,7.062146892655368,176.5536723163842,0.04
stanford,2015,press_release,1513,2,8,13.218770654329147,52.875082617316586,0.25
stanford,2015,press_release,1627,0,25,0.0,153.65703749231716,0.0
stanford,2015,press_release,925,0,5,0.0,54.054054054054056,0.0
stanford,2015,press_release,725,0,44,0.0,606.8965517241379,0.0
stanford,2015,press_release,1216,0,5,0.0,41.11842105263158,0.0
stanford,2015,press_release,256,0,10,0.0,390.625,0.0
stanford,2015,press_release,708,0,31,0.0,437.85310734463275,0.0
stanford,2015,press_release,1967,0,21,0.0,106.76156583629893,0.0
stanford,2015,press_release,1370,0,21,0.0,153.28467153284672,0.0
stanford,2015,press_release,2119,0,23,0.0,108.54176498348278,0.0
stanford,2015,press_release,848,0,5,0.0,58.9622641509434,0.0
stanford,2015,press_release,835,1,30,11.976047904191617,359.2814371257485,0.03333333333333333
stanford,2015,press_release,1115,0,3,0.0,26.905829596412556,0.0
stanford,2015,press_release,1620,5,40,30.864197530864196,246.91358024691357,0.125
stanford,2015,press_release,1347,0,23,0.0,170.74981440237565,0.0
stanford,2015,press_release,256,0,10,0.0,390.625,0.0
stanford,2015,press_release,848,0,5,0.0,58.9622641509434,0.0
stanford,2015,press_release,1241,0,19,0.0,153.102336825141,0.0
stanford,2015,press_release,835,1,30,11.976047904191617,359.2814371257485,0.03333333333333333
stanford,2015,press_release,1105,0,20,0.0,180.99547511312218,0.0
stanford,2015,press_release,1783,0,22,0.0,123.38754907459338,0.0
stanford,2015,press_release,845,0,29,0.0,343.1952662721894,0.0
stanford,2015,press_release,862,0,3,0.0,34.80278422273782,0.0
stanford,2015,press_release,1202,0,8,0.0,66.55574043261231,0.0
stanford,2015,press_release,1060,0,3,0.0,28.30188679245283,0.0
stanford,2015,press_release,1046,3,37,28.680688336520078,353.72848948374764,0.08108108108108107
stanford,2015,press_release,966,0,4,0.0,41.40786749482402,0.0
stanford,2023,press_release,1651,0,12,0.0,72.6832222895215,0.0
stanford,2023,press_release,879,0,2,0.0,22.753128555176335,0.0
stanford,2023,press_release,643,0,0,0.0,0.0,
stanford,2024,press_release,879,1,0,11.376564277588168,0.0,
stanford,2024,press_release,2136,0,14,0.0,65.54307116104869,0.0
stanford,2024,press_release,1169,7,5,59.880239520958085,42.7715996578272,1.4000000000000001
stanford,2024,press_release,479,0,8,0.0,167.01461377870564,0.0
stanford,2024,press_release,1675,1,35,5.970149253731344,208.955223880597,0.028571428571428574
stanford,2024,press_release,2131,1,0,4.692632566870014,0.0,
stanford,2025,press_release,1456,0,21,0.0,144.23076923076923,0.0
stanford,2025,press_release,2039,1,2,4.904364884747425,9.80872976949485,0.5
stanford,2025,press_release,571,0,18,0.0,315.23642732049035,0.0
stanford,2025,press_release,1900,0,1,0.0,5.2631578947368425,0.0
stanford,2025,press_release,2261,0,21,0.0,92.87925696594428,0.0
stanford,2025,press_release,1324,1,9,7.552870090634441,67.97583081570997,0.1111111111111111
stanford,2025,press_release,483,0,8,0.0,165.63146997929607,0.0
stanford,2025,press_release,1307,0,5,0.0,38.255547054322875,0.0
stanford,2025,press_release,1514,2,2,13.21003963011889,13.21003963011889,1.0
stanford,2025,press_release,1324,1,9,7.552870090634441,67.97583081570997,0.1111111111111111
stanford,2025,press_release,1217,0,0,0.0,0.0,
stanford,2025,press_release,1993,0,4,0.0,20.07024586051179,0.0
stanford,2025,press_release,325,1,24,30.76923076923077,738.4615384615385,0.04166666666666667
stanford,2025,press_release,1674,0,1,0.0,5.973715651135006,0.0
stanford,2022,press_release,803,1,19,12.453300124533001,236.61270236612702,0.05263157894736842
stanford,2022,press_release,980,0,19,0.0,193.87755102040816,0.0
stanford,2014,press_release,768,0,1,0.0,13.020833333333334,0.0
stanford,2014,press_release,2551,0,23,0.0,90.16072128577028,0.0
stanford,2014,press_release,1186,1,0,8.431703204047217,0.0,
stanford,2014,press_release,1195,0,26,0.0,217.5732217573222,0.0
stanford,2014,press_release,1009,0,1,0.0,9.910802775024777,0.0
stanford,2014,press_release,1314,0,27,0.0,205.4794520547945,0.0
stanford,2014,press_release,1529,0,29,0.0,189.66644865925443,0.0
stanford,2014,press_release,983,1,27,10.172939979654121,274.66937945066127,0.037037037037037035
stanford,2014,press_release,987,1,1,10.131712259371835,10.131712259371835,1.0
stanford,2014,press_release,1355,0,23,0.0,169.74169741697418,0.0
stanford,2014,press_release,1239,6,33,48.426150121065376,266.3438256658596,0.1818181818181818
stanford,2014,press_release,813,0,2,0.0,24.600246002460025,0.0
stanford,2014,press_release,839,0,6,0.0,71.51370679380214,0.0
stanford,2014,press_release,1215,0,7,0.0,57.61316872427984,0.0
stanford,2014,press_release,1235,5,1,40.48582995951417,8.097165991902834,5.0
stanford,2014,press_release,1113,0,8,0.0,71.87780772686433,0.0
stanford,2014,press_release,1222,2,32,16.366612111292962,261.8657937806874,0.0625
stanford,2014,press_release,1108,1,28,9.025270758122744,252.70758122743683,0.03571428571428571
stanford,2014,press_release,691,0,26,0.0,376.26628075253257,0.0
stanford,2014,press_release,1245,0,23,0.0,184.73895582329317,0.0
stanford,2014,press_release,1033,0,26,0.0,251.6940948693127,0.0
stanford,2014,press_release,1241,1,32,8.058017727639001,257.85656728444803,0.03125
stanford,2014,press_release,1618,0,28,0.0,173.05315203955502,0.0
stanford,2014,press_release,1257,1,27,7.955449482895784,214.79713603818615,0.037037037037037035
stanford,2014,press_release,1621,0,25,0.0,154.22578655151142,0.0
stanford,2014,press_release,1830,0,26,0.0,142.07650273224044,0.0
stanford,2014,press_release,1595,0,30,0.0,188.08777429467085,0.0
stanford,2014,press_release,1122,1,26,8.9126559714795,231.729055258467,0.038461538461538464
stanford,2014,press_release,175,0,5,0.0,285.7142857142857,0.0
stanford,2014,press_release,649,6,31,92.44992295839754,477.65793528505395,0.1935483870967742
stanford,2014,press_release,1268,1,27,7.886435331230284,212.93375394321765,0.037037037037037035
stanford,2014,press_release,1116,0,22,0.0,197.1326164874552,0.0
stanford,2014,press_release,1149,0,30,0.0,261.0966057441253,0.0
stanford,2014,press_release,1792,0,26,0.0,145.08928571428572,0.0
stanford,2014,press_release,986,2,1,20.28397565922921,10.141987829614605,2.0
stanford,2014,press_release,1282,0,1,0.0,7.800312012480499,0.0
ucdavis,2016,press_release,285,0,1,0.0,35.08771929824562,0.0
ucdavis,2016,press_release,397,0,5,0.0,125.94458438287154,0.0
ucdavis,2016,press_release,832,0,13,0.0,156.25,0.0
ucdavis,2016,press_release,798,0,1,0.0,12.531328320802006,0.0
ucdavis,2016,press_release,633,0,24,0.0,379.1469194312796,0.0
ucdavis,2016,press_release,987,0,3,0.0,30.3951367781155,0.0
ucdavis,2016,press_release,692,0,3,0.0,43.35260115606936,0.0
ucdavis,2016,press_release,242,0,0,0.0,0.0,
ucdavis,2016,press_release,506,0,4,0.0,79.05138339920948,0.0
ucdavis,2016,press_release,554,0,4,0.0,72.20216606498195,0.0
ucdavis,2016,press_release,243,0,6,0.0,246.91358024691357,0.0
ucdavis,2016,press_release,177,0,0,0.0,0.0,
ucdavis,2016,press_release,340,0,6,0.0,176.47058823529412,0.0
ucdavis,2016,press_release,414,0,1,0.0,24.154589371980677,0.0
ucdavis,2016,press_release,213,0,5,0.0,234.7417840375587,0.0
ucdavis,2011,press_release,675,0,17,0.0,251.85185185185185,0.0
ucdavis,2011,press_release,1381,0,7,0.0,50.68790731354091,0.0
ucdavis,2011,press_release,559,1,5,17.88908765652952,89.44543828264759,0.2
ucdavis,2011,press_release,753,1,14,13.280212483399735,185.9229747675963,0.07142857142857142
ucdavis,2011,press_release,826,1,23,12.106537530266344,278.4503631961259,0.043478260869565216
ucdavis,2011,press_release,665,0,3,0.0,45.11278195488722,0.0
ucdavis,2011,press_release,734,0,3,0.0,40.87193460490463,0.0
ucdavis,2011,press_release,660,0,21,0.0,318.1818181818182,0.0
ucdavis,2011,press_release,1175,0,10,0.0,85.1063829787234,0.0
ucdavis,2011,press_release,574,0,2,0.0,34.84320557491289,0.0
ucdavis,2011,press_release,647,0,3,0.0,46.36785162287481,0.0
ucdavis,2011,press_release,871,0,9,0.0,103.32950631458094,0.0
ucdavis,2011,press_release,630,0,19,0.0,301.58730158730157,0.0
ucdavis,2011,press_release,1450,2,50,13.793103448275861,344.82758620689657,0.039999999999999994
ucdavis,2011,press_release,743,0,4,0.0,53.83580080753701,0.0
ucdavis,2011,press_release,992,0,15,0.0,151.20967741935485,0.0
ucdavis,2011,press_release,883,1,5,11.325028312570781,56.625141562853905,0.2
ucdavis,2020,press_release,1304,1,33,7.668711656441718,253.06748466257667,0.030303030303030304
ucdavis,2019,press_release,206,0,0,0.0,0.0,
ucdavis,2012,press_release,867,0,5,0.0,57.67012687427912,0.0
ucdavis,2012,press_release,730,0,1,0.0,13.698630136986301,0.0
ucdavis,2012,press_release,1190,1,22,8.403361344537815,184.87394957983193,0.045454545454545456
ucdavis,2012,press_release,914,0,40,0.0,437.636761487965,0.0
ucdavis,2012,press_release,1520,0,12,0.0,78.94736842105263,0.0
ucdavis,2012,press_release,993,0,14,0.0,140.98690835850957,0.0
ucdavis,2012,press_release,659,2,6,30.349013657056144,91.04704097116844,0.3333333333333333
ucdavis,2012,press_release,692,0,9,0.0,130.05780346820808,0.0
ucdavis,2012,press_release,1647,0,26,0.0,157.8627808136005,0.0
ucdavis,2012,press_release,558,0,1,0.0,17.921146953405017,0.0
ucdavis,2012,press_release,631,1,8,15.847860538827259,126.78288431061807,0.125
ucdavis,2012,press_release,1083,0,6,0.0,55.40166204986149,0.0
ucdavis,2012,press_release,266,0,0,0.0,0.0,
ucdavis,2012,press_release,797,2,14,25.094102885821833,175.6587202007528,0.14285714285714288
ucdavis,2012,press_release,355,0,7,0.0,197.18309859154928,0.0
ucdavis,2012,press_release,872,1,3,11.46788990825688,34.403669724770644,0.3333333333333333
ucdavis,2012,press_release,484,0,1,0.0,20.66115702479339,0.0
ucdavis,2012,press_release,727,2,13,27.51031636863824,178.81705639614856,0.15384615384615385
ucdavis,2012,press_release,1236,0,18,0.0,145.63106796116506,0.0
ucdavis,2012,press_release,1029,0,7,0.0,68.02721088435374,0.0
ucdavis,2012,press_release,237,0,0,0.0,0.0,
ucdavis,2012,press_release,1043,2,12,19.175455417066157,115.05273250239694,0.16666666666666669
ucdavis,2012,press_release,830,1,12,12.048192771084338,144.57831325301206,0.08333333333333333
ucdavis,2015,press_release,849,2,4,23.557126030624264,47.11425206124853,0.5
ucdavis,2015,press_release,551,0,4,0.0,72.59528130671507,0.0
ucdavis,2015,press_release,422,0,3,0.0,71.09004739336493,0.0
ucdavis,2015,press_release,363,0,9,0.0,247.93388429752065,0.0
ucdavis,2015,press_release,494,0,4,0.0,80.97165991902834,0.0
ucdavis,2015,press_release,117,1,0,85.47008547008546,0.0,
ucdavis,2015,press_release,797,2,10,25.094102885821833,125.47051442910916,0.2
ucdavis,2015,press_release,787,2,8,25.412960609911053,101.65184243964421,0.25
ucdavis,2015,press_release,473,0,9,0.0,190.27484143763215,0.0
ucdavis,2015,press_release,410,0,7,0.0,170.73170731707316,0.0
ucdavis,2015,press_release,287,0,13,0.0,452.9616724738676,0.0
ucdavis,2015,press_release,267,0,6,0.0,224.7191011235955,0.0
ucdavis,2015,press_release,764,0,11,0.0,143.97905759162305,0.0
ucdavis,2015,press_release,460,0,2,0.0,43.47826086956522,0.0
ucdavis,2015,press_release,243,0,3,0.0,123.45679012345678,0.0
ucdavis,2015,press_release,411,0,2,0.0,48.661800486618006,0.0
ucdavis,2015,press_release,620,0,2,0.0,32.25806451612903,0.0
ucdavis,2023,press_release,533,0,21,0.0,393.9962476547842,0.0
ucdavis,2024,press_release,326,0,3,0.0,92.02453987730061,0.0
ucdavis,2025,press_release,526,0,0,0.0,0.0,
ucdavis,2025,press_release,721,0,0,0.0,0.0,
ucdavis,2014,press_release,617,1,6,16.207455429497568,97.24473257698541,0.16666666666666666
ucdavis,2014,press_release,596,0,13,0.0,218.1208053691275,0.0
ucdavis,2014,press_release,704,0,3,0.0,42.61363636363637,0.0
ucdavis,2014,press_release,636,0,1,0.0,15.723270440251572,0.0
ucdavis,2014,press_release,656,0,5,0.0,76.21951219512195,0.0
ucdavis,2014,press_release,937,0,6,0.0,64.034151547492,0.0
ucdavis,2014,press_release,370,0,1,0.0,27.027027027027028,0.0
ucdavis,2014,press_release,645,0,5,0.0,77.51937984496124,0.0
ucdavis,2014,press_release,704,0,6,0.0,85.22727272727273,0.0
ucdavis,2014,press_release,450,0,3,0.0,66.66666666666667,0.0
ucdavis,2014,press_release,611,0,0,0.0,0.0,
ucdavis,2014,press_release,161,0,4,0.0,248.4472049689441,0.0
ucdavis,2014,press_release,531,0,5,0.0,94.16195856873823,0.0
ucdavis,2014,press_release,154,0,1,0.0,64.93506493506493,0.0
ucdavis,2014,press_release,285,0,7,0.0,245.6140350877193,0.0
ucdavis,2014,press_release,576,0,0,0.0,0.0,
ucdavis,2014,press_release,778,1,12,12.853470437017995,154.24164524421593,0.08333333333333334
ucdavis,2014,press_release,616,0,5,0.0,81.16883116883118,0.0
ucdavis,2014,press_release,778,0,3,0.0,38.56041131105398,0.0
ucdavis,2014,press_release,542,0,0,0.0,0.0,
ucdavis,2014,press_release,873,0,7,0.0,80.18327605956472,0.0
ucdavis,2014,press_release,363,0,9,0.0,247.93388429752065,0.0
ucdavis,2014,press_release,606,0,5,0.0,82.50825082508251,0.0
ucdavis,2013,press_release,496,0,13,0.0,262.0967741935484,0.0
ucdavis,2013,press_release,328,0,8,0.0,243.90243902439025,0.0
ucdavis,2013,press_release,327,0,1,0.0,30.581039755351682,0.0
ucdavis,2013,press_release,719,0,3,0.0,41.72461752433936,0.0
ucdavis,2013,press_release,289,0,0,0.0,0.0,
ucdavis,2013,press_release,572,0,3,0.0,52.44755244755245,0.0
ucdavis,2013,press_release,520,2,7,38.46153846153846,134.6153846153846,0.2857142857142857
ucdavis,2013,press_release,306,0,6,0.0,196.07843137254903,0.0
ucdavis,2013,press_release,745,0,3,0.0,40.26845637583892,0.0
ucdavis,2013,press_release,1211,0,15,0.0,123.86457473162676,0.0
ucdavis,2013,press_release,398,0,4,0.0,100.50251256281408,0.0
ucdavis,2013,press_release,807,2,23,24.783147459727385,285.0061957868649,0.08695652173913045
ucdavis,2013,press_release,434,0,9,0.0,207.3732718894009,0.0
ucdavis,2013,press_release,752,0,2,0.0,26.595744680851062,0.0
ucdavis,2013,press_release,780,0,2,0.0,25.641025641025642,0.0
ucdavis,2013,press_release,639,0,2,0.0,31.29890453834116,0.0
ucdavis,2013,press_release,437,0,5,0.0,114.41647597254004,0.0
ucdavis,2013,press_release,609,2,4,32.84072249589491,65.68144499178982,0.5
ucdavis,2013,press_release,921,0,10,0.0,108.57763300760044,0.0
ucdavis,2013,press_release,220,0,2,0.0,90.9090909090909,0.0
ucdavis,2013,press_release,730,0,6,0.0,82.1917808219178,0.0
